avg_rating,comment_avg_rating
45,46.8
45,48.7
45,47.9
50,48.7
45,47
45,44.2
45,45.3
45,43.7
50,49.36842105263158
45,45.54054054054054
45,49.5
50,49.5
45,43.2
45,43.6
45,48.19444444444444
45,47.1
40,43.9
45,47.241379310344826
40,46
45,44.6
