Hotels,score,polarity_score
2,9,9.36
3,9,9.74
4,9,9.58
5,10,9.74
6,9,9.4
7,9,8.84
8,9,9.06
9,9,8.74
10,10,9.873684211
11,9,9.108108108
12,9,9.9
13,10,9.9
14,9,8.64
15,9,8.72
16,9,9.638888889
17,9,9.42
18,8,8.78
19,9,9.448275862
20,8,9.2
21,9,8.92
